customer_id,escalated,churned,complaint_count_12m,nps_score
CUS-0001,False,False,0,30
CUS-0002,True,True,0,33
CUS-0003,False,False,0,55
CUS-0004,True,True,2,16
CUS-0005,False,False,1,25
CUS-0006,False,False,1,29
CUS-0007,False,False,2,82
CUS-0008,True,True,2,38
CUS-0009,False,False,2,59
CUS-0010,False,False,1,76
CUS-0011,False,False,0,78
CUS-0012,False,False,0,65
CUS-0013,False,False,3,37
CUS-0014,False,False,0,93
CUS-0015,False,False,0,78
CUS-0016,False,False,0,77
CUS-0017,True,True,1,21
CUS-0018,False,True,2,54
CUS-0019,False,False,1,75
CUS-0020,False,False,2,62
CUS-0021,True,False,2,27
CUS-0022,True,False,1,54
CUS-0023,True,True,0,11
CUS-0024,False,False,0,47
CUS-0025,True,False,2,30
CUS-0026,False,False,0,26
CUS-0027,False,False,1,59
CUS-0028,False,False,0,33
CUS-0029,False,False,0,82
CUS-0030,True,False,2,21
CUS-0031,False,False,0,72
CUS-0032,True,False,2,69
CUS-0033,False,False,0,43
CUS-0034,True,False,1,49
CUS-0035,False,False,1,55
CUS-0036,False,False,3,58
CUS-0037,False,False,0,73
CUS-0038,False,False,1,26
CUS-0039,False,False,0,49
CUS-0040,True,True,2,38
CUS-0041,False,True,0,50
CUS-0042,False,False,0,24
CUS-0043,True,False,2,-6
CUS-0044,False,False,2,41
CUS-0045,False,False,1,11
CUS-0046,False,False,0,62
CUS-0047,False,False,2,33
CUS-0048,False,False,0,48
CUS-0049,False,False,0,45
CUS-0050,True,False,2,17
CUS-0051,False,False,0,70
CUS-0052,False,False,0,29
CUS-0053,False,False,2,37
CUS-0054,False,False,1,24
CUS-0055,False,False,2,45
CUS-0056,False,False,0,31
CUS-0057,False,False,0,24
CUS-0058,False,False,1,58
CUS-0059,False,False,1,64
CUS-0060,False,False,3,55
CUS-0061,False,False,0,55
CUS-0062,True,False,1,57
CUS-0063,False,False,1,44
CUS-0064,False,False,0,83
CUS-0065,False,False,0,53
CUS-0066,False,False,0,67
CUS-0067,False,False,1,28
CUS-0068,True,False,2,2
CUS-0069,False,False,0,48
CUS-0070,False,False,2,34
CUS-0071,False,True,0,43
CUS-0072,False,False,1,80
CUS-0073,False,False,0,42
CUS-0074,False,False,0,73
CUS-0075,False,False,1,43
CUS-0076,False,False,0,67
CUS-0077,False,False,2,20
CUS-0078,False,False,0,57
CUS-0079,True,False,1,49
CUS-0080,True,False,2,14
CUS-0081,False,False,0,31
CUS-0082,False,False,0,52
CUS-0083,False,False,1,73
CUS-0084,True,False,2,60
CUS-0085,False,False,0,57
CUS-0086,False,False,0,79
CUS-0087,False,True,1,47
CUS-0088,False,False,1,34
CUS-0089,False,False,0,34
CUS-0090,False,False,0,42
CUS-0091,False,False,0,39
CUS-0092,False,False,0,46
CUS-0093,True,False,3,21
CUS-0094,False,True,0,28
CUS-0095,True,False,0,37
CUS-0096,True,True,5,-29
CUS-0097,False,False,0,55
CUS-0098,False,False,1,69
CUS-0099,False,False,0,31
CUS-0100,False,False,1,51
CUS-0101,False,False,3,37
CUS-0102,False,False,1,84
CUS-0103,False,False,0,59
CUS-0104,False,False,0,66
CUS-0105,False,False,2,61
CUS-0106,False,False,0,57
CUS-0107,False,False,0,64
CUS-0108,False,False,0,42
CUS-0109,False,False,0,48
CUS-0110,False,False,0,99
CUS-0111,True,True,2,15
CUS-0112,True,False,1,31
CUS-0113,True,False,2,51
CUS-0114,True,True,2,14
CUS-0115,False,False,0,100
CUS-0116,False,False,0,73
CUS-0117,False,False,0,55
CUS-0118,True,True,3,17
CUS-0119,False,False,0,78
CUS-0120,False,False,0,41
CUS-0121,False,True,0,46
CUS-0122,False,False,0,31
CUS-0123,False,True,1,40
CUS-0124,True,True,1,61
CUS-0125,True,False,2,21
CUS-0126,False,False,1,50
CUS-0127,False,False,0,58
CUS-0128,False,False,1,50
CUS-0129,False,False,1,51
CUS-0130,True,False,1,2
CUS-0131,False,False,1,51
CUS-0132,False,False,1,47
CUS-0133,False,False,1,53
CUS-0134,True,True,3,-22
CUS-0135,False,False,0,38
CUS-0136,True,False,1,50
CUS-0137,False,True,0,60
CUS-0138,True,True,2,-1
CUS-0139,False,False,0,51
CUS-0140,False,False,0,74
CUS-0141,False,False,0,67
CUS-0142,True,True,2,25
CUS-0143,False,False,1,79
CUS-0144,False,False,0,69
CUS-0145,True,True,4,42
CUS-0146,False,False,3,21
CUS-0147,True,False,3,10
CUS-0148,False,False,0,42
CUS-0149,False,False,1,35
CUS-0150,True,True,3,36
CUS-0151,False,False,0,66
CUS-0152,False,False,0,61
CUS-0153,True,False,2,29
CUS-0154,True,False,2,38
CUS-0155,False,False,0,24
CUS-0156,False,False,1,52
CUS-0157,False,False,0,47
CUS-0158,False,False,1,56
CUS-0159,False,False,1,72
CUS-0160,False,False,0,55
CUS-0161,True,True,3,-26
CUS-0162,False,False,0,73
CUS-0163,False,False,0,59
CUS-0164,True,True,2,31
CUS-0165,False,True,0,59
CUS-0166,True,False,2,15
CUS-0167,False,True,0,54
CUS-0168,True,True,4,37
CUS-0169,True,False,0,7
CUS-0170,False,False,2,34
CUS-0171,False,False,0,61
CUS-0172,False,False,1,43
CUS-0173,True,True,1,-8
CUS-0174,True,False,1,32
CUS-0175,False,True,1,54
CUS-0176,False,False,3,35
CUS-0177,True,False,0,43
CUS-0178,True,False,4,21
CUS-0179,False,True,1,66
CUS-0180,False,False,0,62
CUS-0181,False,False,3,68
CUS-0182,False,False,0,44
CUS-0183,False,False,1,45
CUS-0184,False,False,0,80
CUS-0185,True,False,0,35
CUS-0186,False,True,1,34
CUS-0187,False,False,2,62
CUS-0188,False,False,0,29
CUS-0189,False,False,1,39
CUS-0190,False,False,1,43
CUS-0191,False,False,0,50
CUS-0192,True,False,2,62
CUS-0193,False,False,1,58
CUS-0194,True,True,2,29
CUS-0195,True,False,3,31
CUS-0196,False,False,0,69
CUS-0197,True,True,0,25
CUS-0198,False,False,0,51
CUS-0199,False,False,1,72
CUS-0200,False,False,0,67
CUS-0201,True,False,3,36
CUS-0202,True,True,4,12
CUS-0203,False,True,1,66
CUS-0204,False,False,1,32
CUS-0205,False,False,1,51
CUS-0206,False,True,1,25
CUS-0207,False,False,0,61
CUS-0208,False,True,1,47
CUS-0209,True,True,2,5
CUS-0210,False,False,0,65
CUS-0211,False,False,0,38
CUS-0212,True,False,1,16
CUS-0213,False,True,0,53
CUS-0214,True,False,4,31
CUS-0215,False,False,0,89
CUS-0216,True,False,2,7
CUS-0217,False,True,1,31
CUS-0218,False,False,2,59
CUS-0219,False,True,0,38
CUS-0220,True,True,1,45
CUS-0221,True,True,3,12
CUS-0222,False,False,0,19
CUS-0223,False,False,1,61
CUS-0224,False,False,3,37
CUS-0225,False,False,0,77
CUS-0226,False,False,0,58
CUS-0227,False,False,0,54
CUS-0228,False,False,0,20
CUS-0229,False,False,0,24
CUS-0230,False,True,0,78
CUS-0231,False,False,3,81
CUS-0232,True,False,1,41
CUS-0233,False,False,0,53
CUS-0234,False,False,0,48
CUS-0235,False,False,0,31
CUS-0236,True,True,2,42
CUS-0237,False,True,1,55
CUS-0238,False,False,0,67
CUS-0239,False,False,0,44
CUS-0240,True,False,1,38
CUS-0241,False,False,1,45
CUS-0242,True,True,3,14
CUS-0243,False,False,2,28
CUS-0244,False,True,0,55
CUS-0245,True,False,3,25
CUS-0246,False,False,0,42
CUS-0247,False,False,0,76
CUS-0248,False,False,2,44
CUS-0249,True,False,3,13
CUS-0250,False,False,1,6
CUS-0251,True,True,0,65
CUS-0252,False,False,0,60
CUS-0253,True,False,0,6
CUS-0254,True,False,1,21
CUS-0255,False,False,0,79
CUS-0256,False,False,1,38
CUS-0257,False,False,0,64
CUS-0258,True,False,0,47
CUS-0259,False,False,1,35
CUS-0260,False,False,1,49
CUS-0261,False,False,0,68
CUS-0262,False,False,0,81
CUS-0263,True,True,2,28
CUS-0264,True,False,3,16
CUS-0265,False,False,0,57
CUS-0266,False,False,0,74
CUS-0267,False,False,0,59
CUS-0268,False,True,2,59
CUS-0269,True,True,0,38
CUS-0270,False,False,0,74
CUS-0271,True,False,3,27
CUS-0272,True,False,2,19
CUS-0273,False,False,0,43
CUS-0274,True,True,2,20
CUS-0275,False,False,1,39
CUS-0276,True,False,2,29
CUS-0277,False,True,1,55
CUS-0278,False,True,0,92
CUS-0279,True,True,1,0
CUS-0280,True,True,3,14
CUS-0281,False,False,2,46
CUS-0282,False,False,0,47
CUS-0283,True,False,1,24
CUS-0284,False,True,1,74
CUS-0285,False,False,2,43
CUS-0286,False,False,0,80
CUS-0287,True,True,1,35
CUS-0288,False,True,1,61
CUS-0289,False,False,0,30
CUS-0290,False,True,1,35
CUS-0291,False,True,0,48
CUS-0292,False,False,0,59
CUS-0293,True,False,0,45
CUS-0294,False,False,0,62
CUS-0295,False,True,0,67
CUS-0296,False,False,0,56
CUS-0297,True,False,2,29
CUS-0298,True,False,3,35
CUS-0299,True,True,0,58
CUS-0300,False,False,1,23
CUS-0301,True,True,3,34
CUS-0302,False,False,1,33
CUS-0303,True,True,1,48
CUS-0304,False,True,3,2
CUS-0305,False,False,0,58
CUS-0306,False,False,0,50
CUS-0307,False,False,1,42
CUS-0308,False,False,0,74
CUS-0309,False,False,2,42
CUS-0310,False,False,3,33
CUS-0311,True,True,2,8
CUS-0312,False,False,1,80
CUS-0313,False,False,2,55
CUS-0314,False,False,1,25
CUS-0315,False,False,2,39
CUS-0316,False,True,0,59
CUS-0317,False,False,0,39
CUS-0318,False,False,0,73
CUS-0319,False,False,1,29
CUS-0320,True,False,2,36
CUS-0321,False,False,0,57
CUS-0322,False,False,0,79
CUS-0323,True,True,6,-35
CUS-0324,False,False,0,54
CUS-0325,False,False,1,56
CUS-0326,False,False,1,55
CUS-0327,False,False,0,47
CUS-0328,True,True,2,28
CUS-0329,False,False,0,54
CUS-0330,False,False,0,66
CUS-0331,False,False,0,65
CUS-0332,False,False,1,88
CUS-0333,True,False,0,51
CUS-0334,False,False,0,86
CUS-0335,False,True,0,70
CUS-0336,False,False,0,38
CUS-0337,False,False,1,66
CUS-0338,False,False,0,44
CUS-0339,False,False,0,20
CUS-0340,True,True,2,14
CUS-0341,False,False,2,50
CUS-0342,False,False,1,42
CUS-0343,False,False,0,60
CUS-0344,False,False,0,71
CUS-0345,False,False,2,37
CUS-0346,True,True,3,22
CUS-0347,True,False,1,40
CUS-0348,False,False,0,63
CUS-0349,True,False,4,24
CUS-0350,True,False,2,19
CUS-0351,False,False,1,26
CUS-0352,False,False,0,60
CUS-0353,True,True,3,-11
CUS-0354,False,False,0,53
CUS-0355,False,False,1,26
CUS-0356,False,False,2,70
CUS-0357,True,True,4,61
CUS-0358,False,True,0,79
CUS-0359,False,False,0,9
CUS-0360,True,False,3,27
CUS-0361,True,False,1,36
CUS-0362,False,True,0,61
CUS-0363,False,False,1,47
CUS-0364,False,True,0,68
CUS-0365,False,False,0,46
CUS-0366,False,True,0,65
CUS-0367,False,False,2,62
CUS-0368,False,False,0,47
CUS-0369,False,False,0,81
CUS-0370,False,True,2,45
CUS-0371,False,True,1,61
CUS-0372,False,False,0,41
CUS-0373,False,False,2,45
CUS-0374,True,False,1,10
CUS-0375,True,False,2,26
CUS-0376,True,False,0,22
CUS-0377,False,False,0,53
CUS-0378,False,True,1,62
CUS-0379,False,False,0,46
CUS-0380,True,False,1,50
CUS-0381,False,False,0,67
CUS-0382,False,False,0,49
CUS-0383,False,False,1,71
CUS-0384,False,False,1,66
CUS-0385,False,False,1,39
CUS-0386,True,False,1,13
CUS-0387,True,False,3,24
CUS-0388,False,False,0,39
CUS-0389,False,False,0,90
CUS-0390,False,False,1,48
CUS-0391,False,False,1,56
CUS-0392,False,False,2,39
CUS-0393,False,True,0,51
CUS-0394,False,False,1,31
CUS-0395,False,False,0,43
CUS-0396,False,False,1,63
CUS-0397,False,False,2,57
CUS-0398,False,False,0,69
CUS-0399,True,False,4,22
CUS-0400,False,False,1,55
CUS-0401,False,False,1,65
CUS-0402,False,False,1,40
CUS-0403,False,False,0,86
CUS-0404,False,False,0,54
CUS-0405,False,False,1,64
CUS-0406,False,False,0,74
CUS-0407,False,True,1,47
CUS-0408,False,False,0,9
CUS-0409,False,False,0,66
CUS-0410,False,True,2,-6
CUS-0411,True,False,2,-5
CUS-0412,False,False,1,67
CUS-0413,False,False,1,72
CUS-0414,False,True,1,100
CUS-0415,True,False,4,4
CUS-0416,False,False,0,52
CUS-0417,False,False,0,64
CUS-0418,True,False,0,26
CUS-0419,False,False,0,38
CUS-0420,False,False,2,68
CUS-0421,False,False,0,66
CUS-0422,False,False,1,52
CUS-0423,False,False,1,26
CUS-0424,False,False,1,42
CUS-0425,False,False,1,73
CUS-0426,False,False,0,70
CUS-0427,True,False,2,58
CUS-0428,False,True,0,82
CUS-0429,True,True,3,4
CUS-0430,True,False,1,10
CUS-0431,False,False,0,54
CUS-0432,False,False,1,32
CUS-0433,True,False,1,28
CUS-0434,True,True,0,23
CUS-0435,False,True,0,54
CUS-0436,True,True,0,7
CUS-0437,False,True,0,40
CUS-0438,False,False,0,36
CUS-0439,True,False,0,23
CUS-0440,True,False,3,19
CUS-0441,False,False,1,30
CUS-0442,True,False,0,49
CUS-0443,False,False,1,61
CUS-0444,False,False,0,32
CUS-0445,False,False,0,45
CUS-0446,False,False,2,55
CUS-0447,False,False,0,48
CUS-0448,False,False,0,31
CUS-0449,False,False,2,45
CUS-0450,False,False,0,28
CUS-0451,False,False,1,59
CUS-0452,False,False,0,58
CUS-0453,False,False,0,51
CUS-0454,False,True,0,51
CUS-0455,False,False,1,34
CUS-0456,False,False,0,31
CUS-0457,False,True,0,62
CUS-0458,False,False,0,76
CUS-0459,False,False,1,78
CUS-0460,False,False,0,42
CUS-0461,False,False,1,92
CUS-0462,False,False,0,59
CUS-0463,True,True,1,38
CUS-0464,False,False,1,72
CUS-0465,True,False,2,28
CUS-0466,True,False,2,33
CUS-0467,False,False,0,49
CUS-0468,False,False,0,40
CUS-0469,False,False,0,68
CUS-0470,False,False,0,56
CUS-0471,False,False,0,91
CUS-0472,False,False,0,32
CUS-0473,False,False,1,64
CUS-0474,True,False,2,37
CUS-0475,True,False,2,54
CUS-0476,False,False,1,29
CUS-0477,False,False,1,57
CUS-0478,False,False,0,44
CUS-0479,False,False,0,79
CUS-0480,False,False,0,30
CUS-0481,False,False,1,53
CUS-0482,True,False,0,55
CUS-0483,True,True,1,15
CUS-0484,False,False,1,55
CUS-0485,True,False,1,13
CUS-0486,False,False,1,32
CUS-0487,True,True,6,20
CUS-0488,False,False,2,44
CUS-0489,False,False,0,49
CUS-0490,True,False,2,15
CUS-0491,False,False,0,40
CUS-0492,True,True,3,25
CUS-0493,False,False,0,48
CUS-0494,False,False,0,51
CUS-0495,False,False,2,55
CUS-0496,True,False,2,50
CUS-0497,False,False,0,70
CUS-0498,False,False,2,63
CUS-0499,True,False,1,21
CUS-0500,False,False,1,49
